first_name,last_name,email
Roselin,Colles,rcolles0@tinyurl.com
Patience,Wogan,pwogan1@state.tx.us
Minor,Kilgrew,mkilgrew2@hibu.com
Dew,Yockley,dyockley3@wordpress.org
Gayler,Dundon,gdundon4@loc.gov
Devora,Skelbeck,dskelbeck5@gov.uk
Schuyler,Pavinese,spavinese6@oaic.gov.au
Petrina,Ivanov,pivanov7@wiley.com
Hanni,Charlo,hcharlo8@ehow.com
Candie,Lightwood,clightwood9@chicagotribune.com
Murdock,Waggatt,mwaggatta@chron.com
Vivien,Veart,vveartb@theglobeandmail.com
Gerhardine,Roset,grosetc@guardian.co.uk
Druci,Liebrecht,dliebrechtd@huffingtonpost.com
Car,Painter,cpaintere@g.co
Torin,Damiata,tdamiataf@homestead.com
Sascha,Martinson,smartinsong@paginegialle.it
Sella,Coots,scootsh@csmonitor.com
Sammy,Gilluley,sgilluleyi@nydailynews.com
Skelly,Gaw,sgawj@imgur.com
Kahlil,Braddock,kbraddockk@arizona.edu
Jocelin,Goodsir,jgoodsirl@over-blog.com
Janine,Yakubov,jyakubovm@about.me
Woody,Goode,wgooden@thetimes.co.uk
Alanna,Knightsbridge,aknightsbridgeo@chron.com
Charity,Hightown,chightownp@bbb.org
Selestina,Gimeno,sgimenoq@angelfire.com
Gannon,Leeson,gleesonr@google.cn
Kevan,Dwyer,kdwyers@yolasite.com
Maire,Vickers,mvickerst@is.gd
Nester,Baldack,nbaldacku@java.com
Karlens,Maasze,kmaaszev@1688.com
Dorette,Wroughton,dwroughtonw@prnewswire.com
Farrel,Jecks,fjecksx@wiley.com
Drona,Whymark,dwhymarky@wired.com
Elinor,Losano,elosanoz@jiathis.com
Garner,Poskitt,gposkitt10@oracle.com
Rochester,Penson,rpenson11@howstuffworks.com
Bran,Biskup,bbiskup12@jiathis.com
Clive,Maisey,cmaisey13@amazonaws.com
Marv,Billington,mbillington14@people.com.cn
Austin,Harriot,aharriot15@zimbio.com
Jordana,Dimmer,jdimmer16@miibeian.gov.cn
Goran,Leele,gleele17@businessweek.com
Phyllys,Leinweber,pleinweber18@indiegogo.com
Tildy,Minall,tminall19@bbc.co.uk
Heindrick,Leggett,hleggett1a@e-recht24.de
Berkie,Adamkiewicz,badamkiewicz1b@tinypic.com
Fredia,Lumly,flumly1c@google.nl
Joachim,Bowell,jbowell1d@blog.com
Grazia,Clapston,gclapston1e@xrea.com
Dan,Burden,dburden1f@whitehouse.gov
Harold,Bullough,hbullough1g@livejournal.com
Lyssa,Derell,lderell1h@npr.org
Henrie,McGahy,hmcgahy1i@foxnews.com
El,Blune,eblune1j@tmall.com
Laura,Hattoe,lhattoe1k@desdev.cn
Boonie,Wogan,bwogan1l@odnoklassniki.ru
Alexander,Picknett,apicknett1m@kickstarter.com
Conroy,Wooff,cwooff1n@shinystat.com
Gordie,Oakly,goakly1o@senate.gov
Lu,Shacklady,lshacklady1p@imdb.com
Eward,Bagg,ebagg1q@amazon.co.jp
Paddie,Seager,pseager1r@merriam-webster.com
Giffy,Garlinge,ggarlinge1s@berkeley.edu
Odetta,Olenchikov,oolenchikov1t@odnoklassniki.ru
Fenelia,Antony,fantony1u@toplist.cz
Huey,Mulqueeny,hmulqueeny1v@yelp.com
Raine,Warr,rwarr1w@live.com
Maggy,Antognoni,mantognoni1x@columbia.edu
Randie,Sprakes,rsprakes1y@yellowpages.com
Sol,Mitchiner,smitchiner1z@bravesites.com
Kirby,Stidson,kstidson20@nature.com
Chelsey,Layland,clayland21@vk.com
Vaughn,Elphinston,velphinston22@photobucket.com
Eward,Pepys,epepys23@blogtalkradio.com
Lynnelle,Wapple,lwapple24@taobao.com
Kimble,Fewell,kfewell25@dailymail.co.uk
Doloritas,Ingrey,dingrey26@simplemachines.org
Johnna,Yon,jyon27@google.com.au
Worthington,Huncoot,whuncoot28@netlog.com
Kennan,Ourry,kourry29@house.gov
Davin,Bister,dbister2a@hatena.ne.jp
Mozes,McCreath,mmccreath2b@census.gov
Dreddy,Neville,dneville2c@i2i.jp
Mylo,Massei,mmassei2d@mail.ru
Fayette,Reilinger,freilinger2e@facebook.com
Konstantine,Sidle,ksidle2f@businessinsider.com
Ollie,Niess,oniess2g@addtoany.com
Octavius,Watkiss,owatkiss2h@kickstarter.com
Chalmers,Bordman,cbordman2i@forbes.com
Evvy,Franschini,efranschini2j@stumbleupon.com
Hillier,Kunzler,hkunzler2k@senate.gov
Yardley,Pease,ypease2l@netlog.com
Bria,Toynbee,btoynbee2m@google.de
Lezlie,MacHostie,lmachostie2n@godaddy.com
Madelaine,Viant,mviant2o@rambler.ru
Rochelle,Janczewski,rjanczewski2p@foxnews.com
Meredithe,France,mfrance2q@symantec.com
Mira,Rosingdall,mrosingdall2r@google.nl
Amelia,Jaimez,ajaimez2s@plala.or.jp
Rogerio,Hewkin,rhewkin2t@ow.ly
Layney,Collingwood,lcollingwood2u@joomla.org
Felita,Diggin,fdiggin2v@scientificamerican.com
Grier,Moxsom,gmoxsom2w@creativecommons.org
Jessee,Stollenwerck,jstollenwerck2x@prweb.com
Ashlen,Mendez,amendez2y@ow.ly
Jacinthe,Dederich,jdederich2z@woothemes.com
Marinna,O'Dreain,modreain30@topsy.com
Jean,Frensche,jfrensche31@dailymotion.com
Odey,Werndly,owerndly32@redcross.org
Muffin,Stuck,mstuck33@shop-pro.jp
Garland,Jordison,gjordison34@apache.org
Barbara-anne,Levinge,blevinge35@tiny.cc
Dyana,East,deast36@hc360.com
Yurik,Brimblecombe,ybrimblecombe37@businessinsider.com
Claudetta,Mortlock,cmortlock38@issuu.com
Immanuel,Maplestone,imaplestone39@livejournal.com
Tamera,Baddiley,tbaddiley3a@answers.com
Elinor,Bowcock,ebowcock3b@marketwatch.com
Brittney,Moehler,bmoehler3c@twitter.com
Lilla,Abrahamowitcz,labrahamowitcz3d@washington.edu
Hazel,Tickle,htickle3e@4shared.com
Almire,MacGown,amacgown3f@themeforest.net
Vidovic,Pauletti,vpauletti3g@artisteer.com
Quentin,Deehan,qdeehan3h@over-blog.com
Aharon,Jime,ajime3i@usnews.com
Briano,De'Ath,bdeath3j@php.net
Emmott,McGurn,emcgurn3k@ocn.ne.jp
Sheela,Prantl,sprantl3l@netscape.com
Briant,Bavister,bbavister3m@tripod.com
Odelle,Casa,ocasa3n@scientificamerican.com
Madelaine,Carreck,mcarreck3o@angelfire.com
Arlana,Patrone,apatrone3p@github.io
Jerrie,Parish,jparish3q@1und1.de
Ulrich,Pughsley,upughsley3r@nasa.gov
Ranice,Clausius,rclausius3s@ox.ac.uk
Emmery,Himsworth,ehimsworth3t@google.com
Boycey,Legen,blegen3u@weibo.com
Fredelia,Gauford,fgauford3v@techcrunch.com
Emelina,Tease,etease3w@xrea.com
Steffen,Desson,sdesson3x@imageshack.us
Bryce,Jeeves,bjeeves3y@bloomberg.com
Christoph,Mechem,cmechem3z@furl.net
Hadria,Whitemarsh,hwhitemarsh40@drupal.org
Sayre,Corstorphine,scorstorphine41@aboutads.info
Aaren,Leidecker,aleidecker42@creativecommons.org
Iolanthe,Kroll,ikroll43@infoseek.co.jp
Kermit,Girardi,kgirardi44@wikimedia.org
Brock,Ferrone,bferrone45@phoca.cz
Robenia,Weldrick,rweldrick46@flavors.me
Avram,Roskrug,aroskrug47@hostgator.com
Wilma,Maryon,wmaryon48@hhs.gov
Brewer,Blaiklock,bblaiklock49@moonfruit.com
Kimmy,Totton,ktotton4a@newyorker.com
Wilbert,Bickerstaffe,wbickerstaffe4b@addtoany.com
Michail,Girvan,mgirvan4c@springer.com
Tris,Shorton,tshorton4d@nbcnews.com
Fidelio,Aspey,faspey4e@ycombinator.com
Kesley,Adamovitz,kadamovitz4f@tamu.edu
Ulberto,Goodhew,ugoodhew4g@woothemes.com
Tannie,Gwillym,tgwillym4h@lycos.com
Kristos,Lamps,klamps4i@examiner.com
Carlyle,Parzis,cparzis4j@go.com
Kelcie,Hessing,khessing4k@symantec.com
Gawain,Kender,gkender4l@unc.edu
Cindelyn,Boxen,cboxen4m@sourceforge.net
Sunshine,Honniebal,shonniebal4n@chicagotribune.com
Krista,Keegan,kkeegan4o@dailymail.co.uk
Cordie,Caulcott,ccaulcott4p@ameblo.jp
Pierce,Staker,pstaker4q@photobucket.com
Neel,Brunke,nbrunke4r@disqus.com
Borg,Misselbrook,bmisselbrook4s@cam.ac.uk
Luca,Bransom,lbransom4t@archive.org
Filippo,Gleed,fgleed4u@deviantart.com
Lloyd,Henbury,lhenbury4v@wix.com
Yurik,Poyntz,ypoyntz4w@jugem.jp
Sunny,Nelmes,snelmes4x@wisc.edu
Horatio,Hobbema,hhobbema4y@eepurl.com
Swen,Gilli,sgilli4z@sourceforge.net
Lyndsay,Rymour,lrymour50@cbc.ca
Clay,Eadington,ceadington51@deviantart.com
Hyman,Bogaert,hbogaert52@reddit.com
Demetri,Grice,dgrice53@foxnews.com
Linus,Jzak,ljzak54@dropbox.com
Claudia,Beves,cbeves55@disqus.com
Teddi,Slowgrove,tslowgrove56@nyu.edu
Salomon,Pregel,spregel57@w3.org
Jeromy,Hexum,jhexum58@va.gov
Barclay,Mirfin,bmirfin59@macromedia.com
Freddy,Gilhouley,fgilhouley5a@omniture.com
Jackie,Squibe,jsquibe5b@illinois.edu
Lane,Bossom,lbossom5c@altervista.org
Terry,Lamputt,tlamputt5d@nps.gov
Prescott,Binks,pbinks5e@webmd.com
Osbourn,Wall,owall5f@jigsy.com
Lexy,Cappel,lcappel5g@kickstarter.com
Talbot,Ilyushkin,tilyushkin5h@purevolume.com
Les,Oglevie,loglevie5i@redcross.org
Portia,Hallam,phallam5j@github.io
Calv,Lingley,clingley5k@squidoo.com
Orsa,Mc Pake,omcpake5l@epa.gov
Martelle,Lumm,mlumm5m@smh.com.au
Woodman,Simoneton,wsimoneton5n@list-manage.com
Keelby,Summons,ksummons5o@virginia.edu
Myrle,Bredes,mbredes5p@mozilla.org
Cly,Flaunders,cflaunders5q@1688.com
Taylor,Renak,trenak5r@nps.gov
Tim,Clandillon,tclandillon5s@deliciousdays.com
Marcie,Campsall,mcampsall5t@engadget.com
Trixy,McWilliam,tmcwilliam5u@themeforest.net
Thedrick,Middle,tmiddle5v@newyorker.com
Cosetta,Kevis,ckevis5w@howstuffworks.com
Tiffi,Le Noury,tlenoury5x@photobucket.com
Cecelia,McShirie,cmcshirie5y@reuters.com
Claire,MacCosty,cmaccosty5z@cnet.com
Michell,Admans,madmans60@examiner.com
Herbert,Clutterham,hclutterham61@cdc.gov
Ruben,Myner,rmyner62@miibeian.gov.cn
Gweneth,Grain,ggrain63@theatlantic.com
Jacintha,Hartman,jhartman64@guardian.co.uk
Tova,Lukas,tlukas65@technorati.com
Keefe,Hritzko,khritzko66@devhub.com
Louis,Alejandre,lalejandre67@bluehost.com
Aylmer,Rawkesby,arawkesby68@ehow.com
Vassili,Grinyer,vgrinyer69@51.la
Ericka,Imrie,eimrie6a@rambler.ru
Alethea,Bain,abain6b@wisc.edu
Hanan,McDugal,hmcdugal6c@lycos.com
Joycelin,Cantrell,jcantrell6d@loc.gov
Fanny,Nice,fnice6e@creativecommons.org
Phillipp,Nutbean,pnutbean6f@cornell.edu
Annabela,Paolicchi,apaolicchi6g@topsy.com
Franni,Tatterton,ftatterton6h@discuz.net
Enrichetta,Emblem,eemblem6i@unc.edu
Papagena,Garforth,pgarforth6j@furl.net
Alexine,Lyfe,alyfe6k@yandex.ru
Carlos,Thompson,cthompson6l@w3.org
Valeria,Bohler,vbohler6m@jigsy.com
Florette,O'Shea,foshea6n@columbia.edu
Patsy,Barlace,pbarlace6o@webnode.com
Marty,Lillywhite,mlillywhite6p@so-net.ne.jp
Michell,Trenoweth,mtrenoweth6q@ibm.com
Ransom,D'Hooge,rdhooge6r@homestead.com
Adelbert,Trynor,atrynor6s@mapy.cz
Cornelia,Signore,csignore6t@wsj.com
Merralee,Halladey,mhalladey6u@barnesandnoble.com
Marney,Roper,mroper6v@51.la
Mordecai,Woodlands,mwoodlands6w@forbes.com
Luisa,Stubbington,lstubbington6x@gov.uk
Carmita,Linnock,clinnock6y@clickbank.net
Peterus,McNee,pmcnee6z@netscape.com
Kippy,McDonagh,kmcdonagh70@flavors.me
Shalna,Fellnee,sfellnee71@opensource.org
Nannie,Bunney,nbunney72@google.co.uk
Nollie,Fenny,nfenny73@zdnet.com
Brittney,Leport,bleport74@opera.com
Pennie,Heavyside,pheavyside75@timesonline.co.uk
Emmery,Heiner,eheiner76@zimbio.com
Codie,Cushe,ccushe77@pbs.org
Rog,Pache,rpache78@i2i.jp
Elliott,Janson,ejanson79@kickstarter.com
Herman,Eliet,heliet7a@chicagotribune.com
Demetrius,Frisby,dfrisby7b@comcast.net
Sigismond,O'Neal,soneal7c@washingtonpost.com
Friedrich,Doughtery,fdoughtery7d@rambler.ru
Corbie,Beardmore,cbeardmore7e@bloglovin.com
Parke,Ghilardi,pghilardi7f@weather.com
Hestia,Ilchenko,hilchenko7g@altervista.org
Pollyanna,Jankovsky,pjankovsky7h@blogspot.com
Freda,McLardie,fmclardie7i@studiopress.com
Nettle,Siddall,nsiddall7j@nymag.com
Inga,Cullinan,icullinan7k@ft.com
Melantha,Coxon,mcoxon7l@squidoo.com
Clarisse,MacMenamy,cmacmenamy7m@oaic.gov.au
Zita,Roberto,zroberto7n@mashable.com
Phyllys,Le Houx,plehoux7o@virginia.edu
Katinka,Hoggin,khoggin7p@jigsy.com
Keri,Middlemist,kmiddlemist7q@google.com.br
Isis,Jevons,ijevons7r@hostgator.com
Jeffy,Stokoe,jstokoe7s@plala.or.jp
Lionel,Bruff,lbruff7t@acquirethisname.com
Davey,Seligson,dseligson7u@google.it
Madalena,Kettlestringes,mkettlestringes7v@discovery.com
Ewart,Hanalan,ehanalan7w@shutterfly.com
Stacie,Meachan,smeachan7x@topsy.com
Moore,Missen,mmissen7y@java.com
Fenelia,Edards,fedards7z@merriam-webster.com
Ruddie,Deevey,rdeevey80@studiopress.com
Rania,Huffa,rhuffa81@google.com.au
Janene,Wysome,jwysome82@e-recht24.de
Wilie,Carrell,wcarrell83@tinypic.com
Ezri,Echalie,eechalie84@discovery.com
Mireille,Sodo,msodo85@constantcontact.com
Trstram,Ivanonko,tivanonko86@liveinternet.ru
Hirsch,Faro,hfaro87@cocolog-nifty.com
Orazio,Gorgen,ogorgen88@networksolutions.com
Lauree,Purkess,lpurkess89@reverbnation.com
Nicoline,Michelin,nmichelin8a@oakley.com
Tracie,Ivanchikov,tivanchikov8b@hugedomains.com
Julienne,Lys,jlys8c@blogs.com
Fowler,Baybutt,fbaybutt8d@pbs.org
Mandel,Penkman,mpenkman8e@elpais.com
Hillary,Bakster,hbakster8f@amazonaws.com
Halie,Forder,hforder8g@msu.edu
Trudey,Humphery,thumphery8h@taobao.com
Bond,Edmand,bedmand8i@mozilla.com
Stefa,Farherty,sfarherty8j@usgs.gov
Elizabeth,Towner,etowner8k@drupal.org
Roseann,Toretta,rtoretta8l@state.gov
Ulrich,Saill,usaill8m@spiegel.de
Arlette,Fernan,afernan8n@qq.com
Annalise,Pencott,apencott8o@google.co.jp
Maximo,Bercevelo,mbercevelo8p@google.fr
Hattie,Favey,hfavey8q@xinhuanet.com
Morty,Franzel,mfranzel8r@mlb.com
Bren,Gayforth,bgayforth8s@deliciousdays.com
Fidole,Upwood,fupwood8t@oracle.com
Natalee,Betchley,nbetchley8u@independent.co.uk
Waylen,Edghinn,wedghinn8v@imdb.com
Jerrine,Leaburn,jleaburn8w@who.int
Brent,Semkins,bsemkins8x@tinyurl.com
Carolus,Oglevie,coglevie8y@epa.gov
Worden,MacNeillie,wmacneillie8z@discuz.net
Ulrica,Rittmeier,urittmeier90@constantcontact.com
Ray,Northwood,rnorthwood91@alexa.com
Elwira,Delacoste,edelacoste92@slate.com
Nye,Bloy,nbloy93@hexun.com
Brennen,Slobom,bslobom94@arizona.edu
Karrah,Papen,kpapen95@narod.ru
Pen,Langhor,planghor96@barnesandnoble.com
Ardis,Munden,amunden97@newsvine.com
Eduino,Rides,erides98@toplist.cz
Sybilla,Richt,sricht99@drupal.org
Panchito,McLennan,pmclennan9a@comsenz.com
Rana,Shewon,rshewon9b@cam.ac.uk
Grover,Ionn,gionn9c@japanpost.jp
Cariotta,Izhakov,cizhakov9d@linkedin.com
Roseanna,Belleny,rbelleny9e@oaic.gov.au
Dierdre,Pickard,dpickard9f@irs.gov
Antonia,Bollis,abollis9g@wp.com
Leigh,Lemin,llemin9h@ezinearticles.com
Annalee,Deniske,adeniske9i@desdev.cn
Cassandry,Halsho,chalsho9j@globo.com
Abner,Allkins,aallkins9k@gizmodo.com
Valina,Healy,vhealy9l@artisteer.com
Aron,Lingard,alingard9m@topsy.com
Marlin,Webborn,mwebborn9n@fema.gov
Lorrin,O'Reilly,loreilly9o@wiley.com
Bastien,Clemenzo,bclemenzo9p@domainmarket.com
Donnajean,Daymond,ddaymond9q@scientificamerican.com
Duncan,Senechault,dsenechault9r@howstuffworks.com
Gilberte,Stopher,gstopher9s@phpbb.com
Dan,Barritt,dbarritt9t@ning.com
Rebeka,Skain,rskain9u@topsy.com
Marcelo,Peagram,mpeagram9v@privacy.gov.au
Ericka,Delnevo,edelnevo9w@dion.ne.jp
Benjamin,Gossington,bgossington9x@discovery.com
Nicoline,Goroni,ngoroni9y@ocn.ne.jp
Adorne,Attoe,aattoe9z@ezinearticles.com
Prentice,Collingridge,pcollingridgea0@epa.gov
Florenza,Rodden,froddena1@indiegogo.com
Nomi,Grieg,ngriega2@flickr.com
Bobette,Crickett,bcricketta3@digg.com
Frederigo,Pougher,fpoughera4@wix.com
Emelen,Doxsey,edoxseya5@ning.com
Luce,Tuke,ltukea6@nyu.edu
Lonnard,Pettie,lpettiea7@networksolutions.com
Frazier,Cristofol,fcristofola8@networksolutions.com
Imogen,Dowry,idowrya9@cocolog-nifty.com
Brittney,Sly,bslyaa@youtu.be
Eustacia,Pisco,episcoab@tuttocitta.it
Leola,Eymor,leymorac@delicious.com
Geoffrey,Spellessy,gspellessyad@washingtonpost.com
Hally,Denny,hdennyae@google.nl
Ari,Benes,abenesaf@ebay.com
Aleda,Brugman,abrugmanag@spotify.com
Heath,Clague,hclagueah@indiegogo.com
Ciel,Byne,cbyneai@unesco.org
Katusha,Bolver,kbolveraj@omniture.com
Billi,Gillopp,bgilloppak@issuu.com
Bess,Measey,bmeaseyal@admin.ch
Brynne,Whitten,bwhittenam@aol.com
Laina,Pouton,lpoutonan@eventbrite.com
Christi,Diamant,cdiamantao@tripod.com
Hyacinthia,Verrick,hverrickap@reference.com
Cornela,Lamshead,clamsheadaq@skyrock.com
Irv,Wigsell,iwigsellar@shinystat.com
Agretha,Netti,anettias@prnewswire.com
Augustina,Tyrone,atyroneat@umich.edu
Quentin,Locock,qlocockau@elpais.com
Wildon,Reeken,wreekenav@ycombinator.com
Amerigo,Yann,ayannaw@163.com
Janelle,Stockow,jstockowax@e-recht24.de
Shelby,Ost,sostay@youtu.be
Giordano,Regis,gregisaz@ustream.tv
Leoine,Yurevich,lyurevichb0@weather.com
Katharine,Bertelmot,kbertelmotb1@hhs.gov
Gwenore,Woodyer,gwoodyerb2@weibo.com
Timmie,Degoy,tdegoyb3@loc.gov
Daisey,Kinvig,dkinvigb4@prnewswire.com
Talya,Padginton,tpadgintonb5@csmonitor.com
Colby,Sterndale,csterndaleb6@yahoo.com
Hodge,Bullivent,hbulliventb7@umn.edu
Darla,Nairn,dnairnb8@zimbio.com
Paxton,Flight,pflightb9@yellowpages.com
Christina,Garvie,cgarvieba@dell.com
Biddie,Hallen,bhallenbb@list-manage.com
Theresita,Wilfing,twilfingbc@histats.com
Perren,Ghidelli,pghidellibd@opera.com
Saleem,Synnott,ssynnottbe@kickstarter.com
Averil,Cheetam,acheetambf@arstechnica.com
Jehu,Devinn,jdevinnbg@posterous.com
Ashlin,Fitzjohn,afitzjohnbh@symantec.com
Ruperta,Geane,rgeanebi@marketwatch.com
Ediva,Huckett,ehuckettbj@unc.edu
Eduardo,Wildbore,ewildborebk@scribd.com
Marlena,Quested,mquestedbl@businessinsider.com
Prudy,Chezier,pchezierbm@4shared.com
Dale,Pentin,dpentinbn@woothemes.com
Kitty,Crummie,kcrummiebo@uiuc.edu
Charmian,McIllroy,cmcillroybp@google.it
Berta,Blowick,bblowickbq@nasa.gov
Gerri,Potteridge,gpotteridgebr@state.gov
Barbaraanne,Olivera,boliverabs@techcrunch.com
Rhona,Powles,rpowlesbt@nationalgeographic.com
Teriann,Keaveney,tkeaveneybu@amazon.com
Reynold,Garrelts,rgarreltsbv@quantcast.com
Remus,Gershom,rgershombw@trellian.com
Linda,Parkinson,lparkinsonbx@mashable.com
Emanuele,Rainard,erainardby@sbwire.com
Jess,Bissatt,jbissattbz@buzzfeed.com
Ashleigh,Restill,arestillc0@comcast.net
Beltran,Conochie,bconochiec1@php.net
Vinny,Parks,vparksc2@furl.net
Zea,Marshalleck,zmarshalleckc3@yelp.com
Della,Wardley,dwardleyc4@twitpic.com
Stanislaw,Grigorian,sgrigorianc5@t.co
Aksel,Cummine,acumminec6@elpais.com
Ilyse,Nolan,inolanc7@marriott.com
Doralia,Elliston,dellistonc8@constantcontact.com
Bibbye,Dyde,bdydec9@washington.edu
Barny,O'Dyvoie,bodyvoieca@apache.org
Kean,Scurfield,kscurfieldcb@e-recht24.de
Zollie,Sturzaker,zsturzakercc@com.com
Rory,Connolly,rconnollycd@cmu.edu
Bert,Kornalik,bkornalikce@jigsy.com
Courtenay,Headrick,cheadrickcf@loc.gov
Noella,Wooler,nwoolercg@fc2.com
Shauna,Constable,sconstablech@goo.gl
Kelly,Elphinstone,kelphinstoneci@opera.com
Shanna,Guild,sguildcj@hao123.com
Ambros,Lotterington,alotteringtonck@etsy.com
Mauricio,Brabant,mbrabantcl@cornell.edu
Evvie,Marcoolyn,emarcoolyncm@ameblo.jp
Charis,Mechem,cmechemcn@oakley.com
Britni,Peeke-Vout,bpeekevoutco@histats.com
Simone,Iamittii,siamittiicp@taobao.com
Kara,Melloi,kmelloicq@mysql.com
Caye,Latour,clatourcr@cnbc.com
Margette,Jiroudek,mjiroudekcs@ebay.com
Dani,Challis,dchallisct@gravatar.com
Brita,Shovlar,bshovlarcu@usgs.gov
Georgeta,Ornils,gornilscv@e-recht24.de
Marcellus,Mackinder,mmackindercw@youtube.com
Rene,Wulfinger,rwulfingercx@telegraph.co.uk
Lianna,Bourton,lbourtoncy@cbslocal.com
Louie,Lydden,llyddencz@rakuten.co.jp
Junina,Giacomasso,jgiacomassod0@wix.com
Julian,Heifer,jheiferd1@smugmug.com
Tracey,de Grey,tdegreyd2@twitpic.com
Elvis,Wiggam,ewiggamd3@ox.ac.uk
Virgie,Bloxland,vbloxlandd4@google.de
Kris,Beldham,kbeldhamd5@istockphoto.com
Barbie,Wooton,bwootond6@toplist.cz
Terri,Andrioni,tandrionid7@samsung.com
Amber,Witham,awithamd8@wikimedia.org
Waylan,Harral,wharrald9@wikispaces.com
Elsinore,Thurlbourne,ethurlbourneda@sakura.ne.jp
Cyrus,Gayther,cgaytherdb@plala.or.jp
Pansie,Cosser,pcosserdc@amazon.co.jp
Celinka,Greep,cgreepdd@yandex.ru
Daffy,Laviss,dlavissde@cargocollective.com
Candie,Aked,cakeddf@imageshack.us
Farah,Tembridge,ftembridgedg@sitemeter.com
Travis,Guarnier,tguarnierdh@samsung.com
Gusella,Sallier,gsallierdi@ycombinator.com
Brendon,Durand,bduranddj@psu.edu
Min,Northwood,mnorthwooddk@oracle.com
Bernete,Noke,bnokedl@printfriendly.com
Aldus,Raiman,araimandm@myspace.com
Polly,Mountney,pmountneydn@answers.com
Mona,Bygraves,mbygravesdo@state.gov
Amy,Wrout,awroutdp@moonfruit.com
Gabriela,Opie,gopiedq@example.com
Shandy,Tipping,stippingdr@barnesandnoble.com
Antonin,Bromell,abromellds@alexa.com
Camella,Hamfleet,chamfleetdt@fotki.com
Nerte,Climar,nclimardu@diigo.com
Lacie,Marriot,lmarriotdv@nps.gov
Yanaton,Duddin,yduddindw@webs.com
Sharl,Mungin,smungindx@uiuc.edu
Edmon,Obin,eobindy@themeforest.net
Farlay,Sibylla,fsibylladz@illinois.edu
Elsey,Selkirk,eselkirke0@over-blog.com
Carmelia,Iacomo,ciacomoe1@state.tx.us
Shelton,Saylor,ssaylore2@omniture.com
Koren,Hicken,khickene3@tamu.edu
Stanford,Chainey,schaineye4@slideshare.net
Katya,Gillebert,kgilleberte5@phpbb.com
Lacy,Heggie,lheggiee6@who.int
Zondra,Newhouse,znewhousee7@nhs.uk
Shane,Blockwell,sblockwelle8@qq.com
Burl,Muzzollo,bmuzzolloe9@va.gov
Margarete,Gettone,mgettoneea@geocities.jp
Bradford,Franzonetti,bfranzonettieb@stanford.edu
Addison,Whisby,awhisbyec@gizmodo.com
Bail,Agutter,baguttered@flavors.me
Matthias,Maria,mmariaee@dailymail.co.uk
Tara,Penniall,tpenniallef@google.com.hk
Ethelbert,McKendo,emckendoeg@jimdo.com
Herold,Blood,hbloodeh@phoca.cz
Gwenora,Holme,gholmeei@purevolume.com
Ray,Joselin,rjoselinej@ucla.edu
Risa,Richarson,rricharsonek@weather.com
Tristan,Stirrip,tstirripel@google.com.au
Hadleigh,Masser,hmasserem@fotki.com
Kimbell,Braganza,kbraganzaen@fda.gov
Marthe,Mintrim,mmintrimeo@google.cn
Cleavland,Dyte,cdyteep@dell.com
Monte,Schulz,mschulzeq@mail.ru
Pyotr,Ainsley,painsleyer@blinklist.com
Minnaminnie,Assard,massardes@last.fm
Stillmann,McArte,smcarteet@google.de
Cori,Dmisek,cdmisekeu@dedecms.com
Elsey,Pharro,epharroev@google.co.uk
Helen-elizabeth,Tootell,htootellew@nhs.uk
Kerby,Innis,kinnisex@1und1.de
Jorie,Rodrig,jrodrigey@uol.com.br
Trevar,Sapena,tsapenaez@ehow.com
Libbey,Eatherton,leathertonf0@mapquest.com
Lauren,Fidgin,lfidginf1@xing.com
Filmer,Antrag,fantragf2@alibaba.com
Dagny,Henrionot,dhenrionotf3@yelp.com
Sarena,Balthasar,sbalthasarf4@mozilla.com
Constantino,Caplin,ccaplinf5@opensource.org
Zollie,Curneen,zcurneenf6@npr.org
Sonnie,Askham,saskhamf7@google.pl
Danna,Jellyman,djellymanf8@businessinsider.com
Troy,Venour,tvenourf9@chronoengine.com
Lawry,Alsop,lalsopfa@foxnews.com
Odelle,Bourthoumieux,obourthoumieuxfb@xing.com
Clary,Mesias,cmesiasfc@cnet.com
Nadine,Toye,ntoyefd@i2i.jp
Anni,Evequot,aevequotfe@google.de
Reinwald,Biagi,rbiagiff@zdnet.com
Rafi,McClymont,rmcclymontfg@google.de
Shalom,Drohane,sdrohanefh@wikimedia.org
Tab,Topes,ttopesfi@moonfruit.com
Derby,Linger,dlingerfj@chicagotribune.com
Bamby,Gunn,bgunnfk@csmonitor.com
Tiff,Bachman,tbachmanfl@hibu.com
Carena,Schwandermann,cschwandermannfm@java.com
Ruthanne,Kalderon,rkalderonfn@narod.ru
Mira,Byass,mbyassfo@china.com.cn
Catriona,Sommerled,csommerledfp@mapy.cz
Rainer,De Carteret,rdecarteretfq@mysql.com
Vlad,Orrice,vorricefr@omniture.com
Johnathon,Mollindinia,jmollindiniafs@statcounter.com
Elisa,Gorger,egorgerft@youtube.com
Tiff,Frearson,tfrearsonfu@livejournal.com
Mauricio,Tomasino,mtomasinofv@craigslist.org
Brier,Grolle,bgrollefw@github.com
Asa,Jayes,ajayesfx@devhub.com
Carolus,Beecker,cbeeckerfy@pen.io
Vite,Wiltshear,vwiltshearfz@discovery.com
Lukas,Cresswell,lcresswellg0@businessinsider.com
Audry,Havock,ahavockg1@wunderground.com
Hana,Ravenshaw,hravenshawg2@hexun.com
Lanna,Lorens,llorensg3@parallels.com
Guinna,Cudbird,gcudbirdg4@tiny.cc
Dara,Biggin,dbigging5@ocn.ne.jp
Salome,Ugoni,sugonig6@comcast.net
Alain,BURWIN,aburwing7@newsvine.com
Adeline,Huck,ahuckg8@paypal.com
Bette-ann,Tulley,btulleyg9@cdc.gov
Lazarus,Muncer,lmuncerga@state.gov
Jess,Farris,jfarrisgb@google.ca
Koralle,Metzke,kmetzkegc@dailymail.co.uk
Pegeen,Norcliffe,pnorcliffegd@hostgator.com
Carolee,Knappe,cknappege@etsy.com
Aloysius,Utting,auttinggf@nytimes.com
Hamlen,Mouser,hmousergg@mit.edu
Sianna,Gilbertson,sgilbertsongh@weebly.com
Binny,Stratiff,bstratiffgi@newsvine.com
Shaylah,Schelle,sschellegj@nationalgeographic.com
Gilbertina,Wardingly,gwardinglygk@usnews.com
Lexie,Coulter,lcoultergl@geocities.com
Paxton,Camings,pcamingsgm@archive.org
Leeann,Yurocjkin,lyurocjkingn@nih.gov
Augustine,Thorne,athornego@mozilla.org
Sandie,Acory,sacorygp@irs.gov
Mame,Matevosian,mmatevosiangq@e-recht24.de
Maryanne,Bickell,mbickellgr@sitemeter.com
Ripley,Mudle,rmudlegs@prlog.org
Kylen,Boobier,kboobiergt@chicagotribune.com
Shaine,Ixer,sixergu@bloglines.com
Conny,Cadd,ccaddgv@goo.ne.jp
Peder,Trassler,ptrasslergw@wikispaces.com
Jodi,Avraam,javraamgx@github.com
Julita,Poulsom,jpoulsomgy@examiner.com
Hyman,Hornig,hhorniggz@oaic.gov.au
Stella,Alflatt,salflatth0@amazon.com
Gavan,Mollen,gmollenh1@mediafire.com
Celestyna,Leguay,cleguayh2@123-reg.co.uk
Murielle,Doyle,mdoyleh3@phoca.cz
Vivia,Birkmyr,vbirkmyrh4@earthlink.net
Karia,Coenraets,kcoenraetsh5@blinklist.com
Roch,McLarens,rmclarensh6@npr.org
Jaimie,Effemy,jeffemyh7@people.com.cn
Gordy,Cottier,gcottierh8@google.es
Stephan,Chatenier,schatenierh9@xing.com
Eric,Bruckent,ebruckentha@census.gov
Fee,Litchfield,flitchfieldhb@smugmug.com
Selena,Rollings,srollingshc@intel.com
Eloisa,Concannon,econcannonhd@hexun.com
Richmound,Osgood,rosgoodhe@paypal.com
Juditha,Jelphs,jjelphshf@narod.ru
Kariotta,Sellars,ksellarshg@prweb.com
Trescha,Westerman,twestermanhh@va.gov
Becky,Keirl,bkeirlhi@noaa.gov
Velma,Klementz,vklementzhj@usda.gov
Wake,Hurler,whurlerhk@upenn.edu
Tedman,McGriffin,tmcgriffinhl@csmonitor.com
Zak,Yaus,zyaushm@so-net.ne.jp
Gail,Habens,ghabenshn@nytimes.com
Blaire,Hultberg,bhultbergho@google.pl
Cordi,Plowes,cploweshp@un.org
Stacy,Grishukhin,sgrishukhinhq@google.ru
Perla,Keunemann,pkeunemannhr@china.com.cn
Clarisse,Foskew,cfoskewhs@patch.com
Constantino,Freemantle,cfreemantleht@shop-pro.jp
Tamiko,Dudden,tduddenhu@arstechnica.com
Mildrid,Pipkin,mpipkinhv@hud.gov
Dorthea,Buckles,dbuckleshw@toplist.cz
Doroteya,Bezarra,dbezarrahx@indiegogo.com
Abran,Cruess,acruesshy@fastcompany.com
Cammy,MacKeig,cmackeighz@google.it
Joy,Meharg,jmehargi0@ovh.net
Caren,Aspinwall,caspinwalli1@devhub.com
Florry,Pauncefort,fpaunceforti2@wikia.com
Dara,Alster,dalsteri3@yandex.ru
Ranice,Abramovici,rabramovicii4@over-blog.com
Elisha,Beer,ebeeri5@ocn.ne.jp
Hyatt,Han,hhani6@over-blog.com
Lawry,Lawrenz,llawrenzi7@blinklist.com
Valma,Chattaway,vchattawayi8@google.nl
Saraann,Manlow,smanlowi9@blogs.com
Emery,Eastlake,eeastlakeia@fotki.com
Winifred,Knoller,wknollerib@vistaprint.com
Bernarr,Corbishley,bcorbishleyic@github.com
Page,Midford,pmidfordid@wix.com
Harry,Maudsley,hmaudsleyie@google.com.br
Teresita,Wevell,twevellif@usnews.com
Alyce,Tibols,atibolsig@who.int
Mariele,Tame,mtameih@state.tx.us
Doris,Mustchin,dmustchinii@amazon.com
Valentin,Pobjay,vpobjayij@disqus.com
Wittie,Varley,wvarleyik@meetup.com
Jeremie,Hearnshaw,jhearnshawil@taobao.com
Leonidas,Macer,lmacerim@icq.com
Nestor,Frankland,nfranklandin@pagesperso-orange.fr
Melvin,McTurley,mmcturleyio@ucoz.ru
Kenna,Willcock,kwillcockip@bluehost.com
Lynn,Livingston,llivingstoniq@bbb.org
Filbert,Timeby,ftimebyir@time.com
Teresita,Baldacchi,tbaldacchiis@census.gov
Letti,Molson,lmolsonit@plala.or.jp
Fletch,Dik,fdikiu@hibu.com
Loella,Northley,lnorthleyiv@fastcompany.com
Silvain,Starling,sstarlingiw@skyrock.com
Kenon,Elmore,kelmoreix@slate.com
Kalli,Giamo,kgiamoiy@oaic.gov.au
Roxie,Trayton,rtraytoniz@archive.org
Mireielle,Paolazzi,mpaolazzij0@irs.gov
Lane,Mickleburgh,lmickleburghj1@stumbleupon.com
Filippo,Huggard,fhuggardj2@facebook.com
Fonz,Brigstock,fbrigstockj3@addtoany.com
Felike,Hub,fhubj4@webnode.com
Dickie,Flipek,dflipekj5@hud.gov
Hastings,Mille,hmillej6@imdb.com
Roxie,Tallyn,rtallynj7@nyu.edu
Adler,Saffer,asafferj8@mail.ru
Trevar,Guillford,tguillfordj9@theglobeandmail.com
Lawton,Ivachyov,livachyovja@stanford.edu
Nessie,Abramowitch,nabramowitchjb@ebay.co.uk
Devinne,Cherryman,dcherrymanjc@marketwatch.com
Joey,Stucksbury,jstucksburyjd@unesco.org
Alair,Milland,amillandje@ted.com
Gustavo,Hiorn,ghiornjf@xing.com
Tiertza,Eliassen,teliassenjg@latimes.com
Danni,Whenham,dwhenhamjh@pinterest.com
Karoline,Bodemeaid,kbodemeaidji@vinaora.com
Imojean,Hannis,ihannisjj@blogtalkradio.com
Dicky,Cansdall,dcansdalljk@blogs.com
Ashbey,Cush,acushjl@nytimes.com
Nerta,Shakeshaft,nshakeshaftjm@thetimes.co.uk
Sarajane,Hatherall,shatheralljn@cmu.edu
Tyne,Di Dello,tdidellojo@arstechnica.com
Nye,Murrie,nmurriejp@over-blog.com
Corny,Yonnie,cyonniejq@ning.com
Gerek,Elesander,gelesanderjr@g.co
Rees,Orr,rorrjs@patch.com
Carie,Vany,cvanyjt@wufoo.com
Hillyer,Yearnes,hyearnesju@chicagotribune.com
Estelle,Maginot,emaginotjv@homestead.com
Antonin,Wheatman,awheatmanjw@disqus.com
Laney,Castard,lcastardjx@rambler.ru
Rog,Shutt,rshuttjy@merriam-webster.com
Kelly,Haughey,khaugheyjz@adobe.com
Rodrick,Elloit,relloitk0@last.fm
Cori,Chitham,cchithamk1@economist.com
Alethea,Oran,aorank2@umich.edu
Ceil,Alexsandrovich,calexsandrovichk3@i2i.jp
Obadiah,Strathern,ostrathernk4@deliciousdays.com
Catina,Santino,csantinok5@instagram.com
Finley,Haggas,fhaggask6@tinyurl.com
Sigmund,Dondon,sdondonk7@timesonline.co.uk
Georgeanne,Middas,gmiddask8@qq.com
Oran,Jumel,ojumelk9@wufoo.com
Laurence,Claydon,lclaydonka@amazonaws.com
Etty,Graine,egrainekb@nymag.com
Mikkel,Kindall,mkindallkc@csmonitor.com
Sula,Airth,sairthkd@mlb.com
Felecia,Pidwell,fpidwellke@cargocollective.com
Muire,Thirwell,mthirwellkf@fda.gov
Archaimbaud,Offiler,aoffilerkg@google.com.hk
Ingra,Macklin,imacklinkh@a8.net
Ulick,Pontin,upontinki@ucla.edu
Walton,Whebell,wwhebellkj@uiuc.edu
Sheppard,Gomar,sgomarkk@icq.com
Rawley,Cloutt,rclouttkl@cdbaby.com
Asher,Yegoshin,ayegoshinkm@vinaora.com
Nealson,Birk,nbirkkn@redcross.org
Kizzee,Robion,krobionko@home.pl
Ellary,Gadaud,egadaudkp@reuters.com
Lauren,Bourges,lbourgeskq@bravesites.com
Caryl,Pawelec,cpaweleckr@adobe.com
Ari,Cromly,acromlyks@cisco.com
Shanon,Grunwall,sgrunwallkt@home.pl
Ronnica,Middlemass,rmiddlemassku@hhs.gov
Daren,Gounel,dgounelkv@google.it
Janie,Goodsall,jgoodsallkw@ning.com
Avictor,McNab,amcnabkx@dell.com
Woodman,Tomasini,wtomasiniky@wiley.com
Aguste,Duckham,aduckhamkz@spotify.com
Trudey,Erni,ternil0@4shared.com
Fania,Masterton,fmastertonl1@imageshack.us
Giulietta,Mournian,gmournianl2@google.com.br
Edan,Snoddin,esnoddinl3@google.de
Collie,Karleman,ckarlemanl4@google.co.jp
Armando,Bilverstone,abilverstonel5@google.es
Carolyn,Apedaile,capedailel6@cnn.com
Cari,Medway,cmedwayl7@census.gov
Banky,Fouracres,bfouracresl8@gnu.org
Jackson,Coales,jcoalesl9@example.com
Tootsie,Canto,tcantola@smh.com.au
Anna,Louca,aloucalb@census.gov
Auberon,Gaudin,agaudinlc@sciencedaily.com
Antons,Getley,agetleyld@hao123.com
Jackson,Marques,jmarquesle@nydailynews.com
Sebastien,Poinsett,spoinsettlf@shutterfly.com
Boniface,Jenkins,bjenkinslg@theglobeandmail.com
Brit,Iacavone,biacavonelh@jigsy.com
Jens,Pond-Jones,jpondjonesli@arizona.edu
Nickie,Fillery,nfillerylj@engadget.com
Gallard,Chsteney,gchsteneylk@zdnet.com
Jayme,Whatley,jwhatleyll@answers.com
Vladamir,Petrosian,vpetrosianlm@youtube.com
Petr,Bowle,pbowleln@taobao.com
Oliy,Laborde,olabordelo@ezinearticles.com
Druci,Shortan,dshortanlp@independent.co.uk
Tatum,Autie,tautielq@techcrunch.com
Emmet,Basnett,ebasnettlr@irs.gov
Emmie,Torbett,etorbettls@usatoday.com
Cornie,Petegrew,cpetegrewlt@google.com.au
Immanuel,Nicol,inicollu@indiatimes.com
Shae,Lamar,slamarlv@miitbeian.gov.cn
Johnathon,Ranner,jrannerlw@etsy.com
Pauly,Delafont,pdelafontlx@stumbleupon.com
Page,Muzzini,pmuzzinily@instagram.com
Suzanne,Terzza,sterzzalz@macromedia.com
Daryl,Frain,dfrainm0@cnet.com
Lanita,Grimoldby,lgrimoldbym1@engadget.com
Pennie,Guinan,pguinanm2@microsoft.com
Hanson,Cadany,hcadanym3@who.int
Jada,Picot,jpicotm4@usatoday.com
Gabriella,Dooher,gdooherm5@simplemachines.org
Inger,Leatherborrow,ileatherborrowm6@unblog.fr
Barron,Dewsnap,bdewsnapm7@earthlink.net
Rhonda,Panchen,rpanchenm8@studiopress.com
Tabor,Brownlow,tbrownlowm9@berkeley.edu
Andres,Cicconettii,acicconettiima@howstuffworks.com
Oriana,Gatteridge,ogatteridgemb@theglobeandmail.com
Carolee,Sapp,csappmc@cbslocal.com
Hugh,Gowrich,hgowrichmd@unblog.fr
Georgena,Burnsides,gburnsidesme@netlog.com
Hayward,Woodison,hwoodisonmf@google.ca
Penni,Deards,pdeardsmg@si.edu
Leopold,Beteriss,lbeterissmh@google.es
Saraann,Bows,sbowsmi@toplist.cz
Eden,Mulryan,emulryanmj@google.com.br
Kore,Pealing,kpealingmk@ft.com
Willi,Zuppa,wzuppaml@photobucket.com
Bertie,Weale,bwealemm@google.fr
Aldridge,Bussell,abussellmn@youtube.com
Dru,Nekrews,dnekrewsmo@earthlink.net
Cynthy,Woolway,cwoolwaymp@flavors.me
Dionisio,Wallentin,dwallentinmq@statcounter.com
Gabbie,Eginton,gegintonmr@cornell.edu
Diarmid,Saveall,dsaveallms@psu.edu
Kienan,Lohden,klohdenmt@jalbum.net
Hersch,Dibson,hdibsonmu@hhs.gov
John,Dickey,jdickeymv@opera.com
Shepherd,Woodford,swoodfordmw@infoseek.co.jp
Nealon,Bonnett,nbonnettmx@oakley.com
Agustin,Boxe,aboxemy@ebay.co.uk
Rolph,Capener,rcapenermz@earthlink.net
Kynthia,Rosenfield,krosenfieldn0@tinyurl.com
Brian,Rissom,brissomn1@wsj.com
Gusella,Bolgar,gbolgarn2@biglobe.ne.jp
Lloyd,Olechnowicz,lolechnowiczn3@berkeley.edu
Samaria,Currao,scurraon4@princeton.edu
Lise,Rousel,lrouseln5@wired.com
Cilka,Abbyss,cabbyssn6@dion.ne.jp
Perice,Orrobin,porrobinn7@netvibes.com
Charmine,Trime,ctrimen8@jiathis.com
Alika,Larmour,alarmourn9@answers.com
Jerrie,Higford,jhigfordna@facebook.com
Hobie,Henrych,hhenrychnb@arstechnica.com
Freemon,Dyter,fdyternc@nature.com
Bowie,Argue,barguend@engadget.com
Zorina,Bartelli,zbartelline@businessweek.com
Jacquette,Kubicki,jkubickinf@posterous.com
Alec,Jagoe,ajagoeng@pinterest.com
Lurette,Gonzales,lgonzalesnh@ezinearticles.com
Dulcea,Thirst,dthirstni@slideshare.net
Gaile,Venditti,gvendittinj@istockphoto.com
Adham,Palliser,apallisernk@state.gov
Loralyn,Godby,lgodbynl@deviantart.com
Silvain,Bulteel,sbulteelnm@nydailynews.com
Massimiliano,Kermit,mkermitnn@theatlantic.com
Shannan,Wharin,swharinno@elpais.com
Marshal,Doyle,mdoylenp@ft.com
Amerigo,Wellstood,awellstoodnq@salon.com
Aimee,Taffee,ataffeenr@cloudflare.com
Byrom,Mockford,bmockfordns@wix.com
Robina,Ruddiforth,rruddiforthnt@latimes.com
Marylin,Kopps,mkoppsnu@examiner.com
Max,Rannells,mrannellsnv@bigcartel.com
Marlo,Inott,minottnw@kickstarter.com
Joseito,Poschel,jposchelnx@globo.com
Grissel,Billham,gbillhamny@edublogs.org
Briant,Yare,byarenz@china.com.cn
Marlane,Kalderon,mkalderono0@guardian.co.uk
Regan,Gibbetts,rgibbettso1@eventbrite.com
Chrystal,Ferandez,cferandezo2@loc.gov
Jolie,Harland,jharlando3@hubpages.com
Wyatt,Scurrell,wscurrello4@techcrunch.com
Hakeem,Toolin,htoolino5@mayoclinic.com
Normie,Pallasch,npallascho6@reddit.com
Sile,Gripton,sgriptono7@wikispaces.com
Shea,Gwyer,sgwyero8@squidoo.com
Lauraine,Ajam,lajamo9@geocities.com
Odie,Gateman,ogatemanoa@mashable.com
Veronika,Pernell,vpernellob@livejournal.com
Odele,Litel,oliteloc@surveymonkey.com
Josy,Leith,jleithod@dailymotion.com
Brandais,Arton,bartonoe@diigo.com
Shelton,Paulley,spaulleyof@gov.uk
Saw,Gulk,sgulkog@360.cn
Mellie,Adamoli,madamolioh@posterous.com
Emili,Hawe,ehaweoi@linkedin.com
Guendolen,Ismay,gismayoj@flickr.com
Stewart,Brymner,sbrymnerok@sitemeter.com
Zsazsa,Southeran,zsoutheranol@ehow.com
Gwendolin,Skule,gskuleom@china.com.cn
Darrick,Bradnam,dbradnamon@digg.com
Zeke,Boothe,zbootheoo@mtv.com
Terrance,Pursglove,tpursgloveop@pen.io
Eben,Hebbron,ehebbronoq@nature.com
Eamon,Goldsmith,egoldsmithor@scribd.com
Hatti,Zum Felde,hzumfeldeos@instagram.com
Sabina,Weir,sweirot@cdbaby.com
Alisander,Heintzsch,aheintzschou@soundcloud.com
Rafaela,Innott,rinnottov@odnoklassniki.ru
Marieann,Haydon,mhaydonow@imdb.com
Idelle,Paolucci,ipaolucciox@wikia.com
Barry,Erratt,berrattoy@1688.com
Zarla,Wolters,zwoltersoz@gravatar.com
Max,Finney,mfinneyp0@wikipedia.org
Jerrold,Biles,jbilesp1@mail.ru
Faustine,Nast,fnastp2@angelfire.com
Della,Warrilow,dwarrilowp3@chron.com
Jarrid,Happel,jhappelp4@gov.uk
Dania,Betjes,dbetjesp5@is.gd
Michel,Marin,mmarinp6@yelp.com
Tabbatha,Volette,tvolettep7@indiegogo.com
Tildy,Angrock,tangrockp8@slashdot.org
Bay,Rigolle,brigollep9@pbs.org
Herbert,Kaman,hkamanpa@stanford.edu
Tremaine,Trymme,ttrymmepb@biblegateway.com
Jana,Ayton,jaytonpc@tiny.cc
Abdel,Dawidman,adawidmanpd@wunderground.com
Gus,Shallcrass,gshallcrasspe@51.la
Patience,Mahoney,pmahoneypf@narod.ru
Caroline,Shavel,cshavelpg@plala.or.jp
Kalle,McMarquis,kmcmarquisph@omniture.com
Joy,Balffye,jbalffyepi@sakura.ne.jp
Odey,Kempshall,okempshallpj@delicious.com
Junette,Neumann,jneumannpk@nytimes.com
Roman,Mullenger,rmullengerpl@sbwire.com
Elvina,Bartolomeu,ebartolomeupm@cbslocal.com
Randal,Conring,rconringpn@pinterest.com
Mick,Ruddy,mruddypo@sciencedaily.com
Lela,Ledur,lledurpp@ihg.com
Dian,Eloi,deloipq@ted.com
Fair,Heckney,fheckneypr@about.com
Cordey,Rentoll,crentollps@ucoz.ru
Magdaia,Bentke,mbentkept@homestead.com
Rory,Poyner,rpoynerpu@un.org
Janeczka,Tamblingson,jtamblingsonpv@go.com
Oralla,Humbert,ohumbertpw@apache.org
Allayne,Limbrick,alimbrickpx@taobao.com
Nikolaos,Calliss,ncallisspy@nymag.com
Rosabelle,Taffurelli,rtaffurellipz@usnews.com
Rina,Kensitt,rkensittq0@jimdo.com
Kati,Philipsohn,kphilipsohnq1@delicious.com
Idalina,Danter,idanterq2@smugmug.com
Laurene,Newcombe,lnewcombeq3@msu.edu
Chelsae,Danahar,cdanaharq4@example.com
Othilie,Kunath,okunathq5@etsy.com
Worthington,Learoyd,wlearoydq6@guardian.co.uk
Linnea,Lambal,llambalq7@tuttocitta.it
Ajay,Fells,afellsq8@cnbc.com
Devon,Cheshir,dcheshirq9@digg.com
Denice,Scotter,dscotterqa@printfriendly.com
Donovan,Renny,drennyqb@dropbox.com
Geraldine,Spracklin,gspracklinqc@senate.gov
Micheal,Diggins,mdigginsqd@e-recht24.de
Sherye,Potebury,spoteburyqe@hc360.com
Frans,Varndall,fvarndallqf@china.com.cn
Willis,Thatcher,wthatcherqg@fema.gov
Brigit,Scamadine,bscamadineqh@census.gov
Amii,Fellibrand,afellibrandqi@youtu.be
Hy,Borzone,hborzoneqj@hatena.ne.jp
Aurore,Parrot,aparrotqk@narod.ru
Dougie,Cockerton,dcockertonql@tinyurl.com
Quentin,Outright,qoutrightqm@zdnet.com
Skipp,Tansill,stansillqn@cargocollective.com
Stephannie,Hilbourne,shilbourneqo@odnoklassniki.ru
Homer,Childerley,hchilderleyqp@t-online.de
Tracey,Liversidge,tliversidgeqq@prlog.org
Abey,Callacher,acallacherqr@reference.com
Wilton,Farbrother,wfarbrotherqs@istockphoto.com
Harman,Brabbs,hbrabbsqt@bravesites.com
Margarethe,Biers,mbiersqu@telegraph.co.uk
Shantee,Dumbleton,sdumbletonqv@jigsy.com
Purcell,Levick,plevickqw@spotify.com
Blythe,Byrom,bbyromqx@businessweek.com
Myriam,Richardet,mrichardetqy@answers.com
Burg,Hegg,bheggqz@macromedia.com
Maurita,Shearston,mshearstonr0@slideshare.net
Paquito,Powdrill,ppowdrillr1@cnbc.com
Tiena,Petrecz,tpetreczr2@indiatimes.com
Amerigo,Gingles,aginglesr3@webeden.co.uk
Verna,Whitecross,vwhitecrossr4@smugmug.com
Gates,Winslet,gwinsletr5@dot.gov
Nestor,Chittleburgh,nchittleburghr6@networkadvertising.org
Mirabel,Cranmer,mcranmerr7@cisco.com
Shurwood,Clardge,sclardger8@tamu.edu
Rhianna,Pasby,rpasbyr9@dell.com
Ryan,Beardwell,rbeardwellra@simplemachines.org
Marga,Fegan,mfeganrb@seattletimes.com
Helena,Jans,hjansrc@harvard.edu
Clementius,Wilkes,cwilkesrd@merriam-webster.com
Gisele,Masi,gmasire@spiegel.de
Hadley,Inglis,hinglisrf@prlog.org
Dario,Wreight,dwreightrg@shinystat.com
Maddalena,Vittery,mvitteryrh@icio.us
Esra,Dimitrie,edimitrieri@answers.com
Rancell,Traviss,rtravissrj@blog.com
Neron,Coldman,ncoldmanrk@prweb.com
Larry,Cockland,lcocklandrl@jimdo.com
Ellene,Wenban,ewenbanrm@meetup.com
Trey,Lammertz,tlammertzrn@wikipedia.org
Shanie,Fligg,sfliggro@twitter.com
Dorothea,Worsell,dworsellrp@dell.com
Belinda,Trundell,btrundellrq@ox.ac.uk
Emmy,Storrier,estorrierrr@phoca.cz
